Pollutant:,BC,Unit: grams,,,,,,,,,,,,,,,,,,,,,,,,,,,,,,,,,,
,2015.0,2016.0,2017.0,2018.0,2019.0,2020.0,2021.0,2022.0,2023.0,2024.0,2025.0,2026.0,2027.0,2028.0,2029.0,2030.0,2031.0,2032.0,2033.0,2034.0,2035.0,2036.0,2037.0,2038.0,2039.0,2040.0,2041.0,2042.0,2043.0,2044.0,2045.0,2046.0,2047.0,2048.0,2049.0,2050.0
agriculture and forestry 01T03,0.0,0.0,0.0,0.0,0.0,14090.225563909775,14187.96992481203,14284.878863826232,15105.861767279092,15424.086767818268,15587.107299034149,15714.008810372428,15837.730081944492,15949.607244709274,16073.089215908518,16193.559884495826,16164.344339997677,16174.881084492778,16105.863434904424,16076.118813241654,16041.579381915775,16028.521541769265,16009.820645204583,16011.078365732044,16010.848396080442,16010.66013694711,16004.244691011958,16026.927492897068,16043.526331701314,16067.213279163941,16110.31730558833,16247.411997247917,16386.06958766869,16529.222194510265,16653.47408019914,16781.26740076586
coal mining 05,0.0,0.0,0.0,0.0,0.0,0.0,0.0,0.0,0.0,0.0,0.0,0.0,0.0,0.0,0.0,0.0,0.0,0.0,0.0,0.0,0.0,0.0,0.0,0.0,0.0,0.0,0.0,0.0,0.0,0.0,0.0,0.0,0.0,0.0,0.0,0.0
oil and gas extraction 06,0.0,0.0,0.0,0.0,0.0,1689.9590525630551,1720.5042551816161,1630.1626202492766,1635.483786410773,1769.7113242820371,1800.2789556520938,1737.786077114773,1772.2602428476916,1827.902509250818,1867.3245625649242,1918.1702375557554,1954.4299200974754,1984.2663010414017,1998.2965210774544,2003.796336950948,2017.9897407958106,2015.429740024968,2020.1030306092607,2027.7460225507098,2029.562244321554,2063.0843179767,2070.695307120887,2088.9883358916263,2093.964920584148,2103.0848439474144,2118.4501401179664,2135.4744022971836,2143.259467362658,2134.552790060174,2144.3004328271045,2163.6438813777495
other mining and quarrying 07T08,0.0,0.0,0.0,0.0,0.0,0.0,0.0,0.0,0.0,0.0,0.0,0.0,0.0,0.0,0.0,0.0,0.0,0.0,0.0,0.0,0.0,0.0,0.0,0.0,0.0,0.0,0.0,0.0,0.0,0.0,0.0,0.0,0.0,0.0,0.0,0.0
food beverage and tobacco 10T12,0.0,0.0,0.0,0.0,0.0,0.0,0.0,0.0,0.0,0.0,0.0,0.0,0.0,0.0,0.0,0.0,0.0,0.0,0.0,0.0,0.0,0.0,0.0,0.0,0.0,0.0,0.0,0.0,0.0,0.0,0.0,0.0,0.0,0.0,0.0,0.0
textiles apparel and leather 13T15,0.0,0.0,0.0,0.0,0.0,0.0,0.0,0.0,0.0,0.0,0.0,0.0,0.0,0.0,0.0,0.0,0.0,0.0,0.0,0.0,0.0,0.0,0.0,0.0,0.0,0.0,0.0,0.0,0.0,0.0,0.0,0.0,0.0,0.0,0.0,0.0
wood products 16,0.0,0.0,0.0,0.0,0.0,0.0,0.0,0.0,0.0,0.0,0.0,0.0,0.0,0.0,0.0,0.0,0.0,0.0,0.0,0.0,0.0,0.0,0.0,0.0,0.0,0.0,0.0,0.0,0.0,0.0,0.0,0.0,0.0,0.0,0.0,0.0
pulp paper and printing 17T18,0.0,0.0,0.0,0.0,0.0,22610661.010957938,22935850.12371863,24299817.167135328,25180390.51515885,24927919.366768982,24906620.844453707,25001703.989377618,24983353.4702108,25087389.085337125,25258540.418926727,25388699.84084304,25640418.408853874,25885970.568727456,26034552.524910573,26221745.606642153,26404170.441755816,26456937.980608094,26557270.054171167,26812310.127246987,26827177.181237955,27071958.916183047,27414949.609881107,27676239.85776644,27871281.78674728,27978616.774019673,28065505.03998799,28164282.58671617,28158961.058209684,28200627.68706909,28276663.480200283,28371163.547150236
refined petroleum and coke 19,0.0,0.0,0.0,0.0,0.0,145990.63197856184,146403.78517195178,146859.57114138932,135846.85570546536,177744.94040760893,186799.13262240787,197367.91294169956,205520.46836097527,204168.05016042956,199878.28272437374,198745.69611197157,195940.0506402572,200951.19235509855,202087.6790416425,201736.99099365936,205312.26622923077,205648.18121465822,208030.7381227517,205749.3187098592,205900.6656397267,206269.1928208586,204197.1075301449,206057.43405851553,205209.77200106974,206563.64206823005,207210.81155785648,222439.69234494516,222329.98805837432,212847.29344981976,207060.3879436171,209167.8652904658
chemicals 20,0.0,0.0,0.0,0.0,0.0,12626618.653222902,9591224.476673469,9010855.014136655,9805186.28694484,10866446.67710256,9753642.880747048,8988628.974206073,9335254.120250037,9723098.212662198,10109254.753224535,10458369.563756015,10709692.855730882,10951992.101821685,11296425.872368645,11576811.15025707,11820657.84239597,12151223.459927903,12465446.262183983,12719704.817651369,12902404.001704833,13114905.871185657,13339584.510499861,13773576.714983283,14212494.019579856,14549504.700021725,14929974.925166473,15104599.747815618,15179531.6535532,15246445.909258183,15487024.495606247,15796209.782678572
rubber and plastic products 22,0.0,0.0,0.0,0.0,0.0,0.0,0.0,0.0,0.0,0.0,0.0,0.0,0.0,0.0,0.0,0.0,0.0,0.0,0.0,0.0,0.0,0.0,0.0,0.0,0.0,0.0,0.0,0.0,0.0,0.0,0.0,0.0,0.0,0.0,0.0,0.0
glass and glass products 231,0.0,0.0,0.0,0.0,0.0,0.0,0.0,0.0,0.0,0.0,0.0,0.0,0.0,0.0,0.0,0.0,0.0,0.0,0.0,0.0,0.0,0.0,0.0,0.0,0.0,0.0,0.0,0.0,0.0,0.0,0.0,0.0,0.0,0.0,0.0,0.0
cement and other nonmetallic minerals 239,0.0,0.0,0.0,0.0,0.0,7651235.466695642,8006583.72269912,7634610.1190476185,7958449.160908192,9054589.148505239,8240645.653978596,7629059.877429066,7250113.830873065,6941140.091582071,6847972.947325681,6742141.257263683,6647879.371526059,6563083.725156184,5444992.332578435,5236758.704210821,5005398.2944716895,4784679.7914190665,4647335.21778956,4531059.182520171,4343007.270946583,4221989.972861931,4090499.903733503,3976993.8932708735,3891848.737094027,3828899.2079634657,3730047.3391712266,3666607.6723215906,3609679.3856600616,3549043.3219819698,3506129.808479874,3474261.218308022
iron and steel 241,0.0,0.0,0.0,0.0,0.0,3670998.8361943555,3713314.809426826,4380185.273159145,4263742.136304063,4133334.0224299054,3857197.0657996386,3470155.9867968378,3325664.6414770326,3371841.7588954037,3382812.0457994235,3343740.805928147,3271600.8856291855,3150041.4641527133,3150103.0460600774,3203696.525794716,3218425.7525760164,3252226.5252481033,3288069.3584184917,3318872.9800516507,3358731.71873231,3387341.522777122,3397143.52081472,3430916.6249824925,3494037.8748038104,3530638.969645591,3541732.695114847,3531330.5613959497,3489873.43616387,3442111.106361108,3444000.930245789,3476265.9489100454
other metals 242,0.0,0.0,0.0,0.0,0.0,1125199.3620414673,1159489.6331738438,1175719.8952879582,1277074.0534521157,1319781.0267078804,1305134.0993760948,1299323.1836849803,1327707.0239237833,1375923.9617469741,1415461.4240183206,1448887.219480037,1468010.0832212288,1471092.9030429367,1470271.2720483488,1473880.7548920398,1482867.8013604512,1496857.1167792222,1512005.8295707754,1523798.1058094832,1532464.5173172676,1547688.3293325233,1559283.143986801,1568373.9700875685,1583235.9082098699,1598804.1377049005,1606628.15682503,1609196.472734619,1611268.247140781,1615123.9863683765,1619229.0833946639,1618836.8991931144
metal products except machinery and vehicles 25,0.0,0.0,0.0,0.0,0.0,0.0,0.0,0.0,0.0,0.0,0.0,0.0,0.0,0.0,0.0,0.0,0.0,0.0,0.0,0.0,0.0,0.0,0.0,0.0,0.0,0.0,0.0,0.0,0.0,0.0,0.0,0.0,0.0,0.0,0.0,0.0
computers and electronics 26,0.0,0.0,0.0,0.0,0.0,0.0,0.0,0.0,0.0,0.0,0.0,0.0,0.0,0.0,0.0,0.0,0.0,0.0,0.0,0.0,0.0,0.0,0.0,0.0,0.0,0.0,0.0,0.0,0.0,0.0,0.0,0.0,0.0,0.0,0.0,0.0
appliances and electrical equipment 27,0.0,0.0,0.0,0.0,0.0,0.0,0.0,0.0,0.0,0.0,0.0,0.0,0.0,0.0,0.0,0.0,0.0,0.0,0.0,0.0,0.0,0.0,0.0,0.0,0.0,0.0,0.0,0.0,0.0,0.0,0.0,0.0,0.0,0.0,0.0,0.0
other machinery 28,0.0,0.0,0.0,0.0,0.0,0.0,0.0,0.0,0.0,0.0,0.0,0.0,0.0,0.0,0.0,0.0,0.0,0.0,0.0,0.0,0.0,0.0,0.0,0.0,0.0,0.0,0.0,0.0,0.0,0.0,0.0,0.0,0.0,0.0,0.0,0.0
road vehicles 29,0.0,0.0,0.0,0.0,0.0,0.0,0.0,0.0,0.0,0.0,0.0,0.0,0.0,0.0,0.0,0.0,0.0,0.0,0.0,0.0,0.0,0.0,0.0,0.0,0.0,0.0,0.0,0.0,0.0,0.0,0.0,0.0,0.0,0.0,0.0,0.0
nonroad vehicles 30,0.0,0.0,0.0,0.0,0.0,0.0,0.0,0.0,0.0,0.0,0.0,0.0,0.0,0.0,0.0,0.0,0.0,0.0,0.0,0.0,0.0,0.0,0.0,0.0,0.0,0.0,0.0,0.0,0.0,0.0,0.0,0.0,0.0,0.0,0.0,0.0
other manufacturing 31T33,0.0,0.0,0.0,0.0,0.0,5543821.045998739,5590194.076874605,6078254.114236241,6608616.320908745,6500760.836243445,6324972.368508921,6235582.709650027,6222758.166324672,6245006.412016923,6338888.009825251,6453410.990000303,6564777.034833622,6753394.612335118,6914978.278748614,7081932.519544361,7224363.143636155,7310272.692485864,7420034.6907496555,7580813.947531258,7679855.1865420025,7828312.070550676,7973194.8460074505,8095796.236625329,8192480.637723152,8287995.30480216,8398681.056189405,8589939.536330963,8709354.75319976,8812892.757840825,8926900.8078666,9043735.843560293
energy pipelines and gas processing 352T353,0.0,0.0,0.0,0.0,0.0,655401.3346043852,652888.6558627264,753293.8058959921,823703.2967032967,945961.9268631957,963482.3537694481,968982.5137782659,1032448.7370248158,1112198.3877459066,1124704.99802199,1142702.7916803535,1129448.9522387818,1106003.552021464,1066322.006431416,1039742.7779561442,1028909.5883401205,1027869.4302279379,1028750.5095732936,1016063.1888275865,1020696.746309457,1015753.5628719103,1005331.2355840235,1004388.5776395303,1010077.6709756587,1014969.0607960675,1020493.7113159415,1023941.4078825585,1017142.0788421506,1012901.8049415638,1017925.6783478454,1029283.6901592555
water and waste 36T39,0.0,0.0,0.0,0.0,0.0,0.0,0.0,0.0,0.0,0.0,0.0,0.0,0.0,0.0,0.0,0.0,0.0,0.0,0.0,0.0,0.0,0.0,0.0,0.0,0.0,0.0,0.0,0.0,0.0,0.0,0.0,0.0,0.0,0.0,0.0,0.0
construction 41T43,0.0,0.0,0.0,0.0,0.0,0.0,0.0,0.0,0.0,0.0,0.0,0.0,0.0,0.0,0.0,0.0,0.0,0.0,0.0,0.0,0.0,0.0,0.0,0.0,0.0,0.0,0.0,0.0,0.0,0.0,0.0,0.0,0.0,0.0,0.0,0.0
