Pollutant:,SOX,Unit: grams,,,,,,,,,,,,,,,,,,,,,,,,,,,,,,,,,,
,2015.0,2016.0,2017.0,2018.0,2019.0,2020.0,2021.0,2022.0,2023.0,2024.0,2025.0,2026.0,2027.0,2028.0,2029.0,2030.0,2031.0,2032.0,2033.0,2034.0,2035.0,2036.0,2037.0,2038.0,2039.0,2040.0,2041.0,2042.0,2043.0,2044.0,2045.0,2046.0,2047.0,2048.0,2049.0,2050.0
agriculture and forestry 01T03,0.0,0.0,0.0,0.0,0.0,0.0,0.0,0.0,0.0,0.0,0.0,0.0,0.0,0.0,0.0,0.0,0.0,0.0,0.0,0.0,0.0,0.0,0.0,0.0,0.0,0.0,0.0,0.0,0.0,0.0,0.0,0.0,0.0,0.0,0.0,0.0
coal mining 05,0.0,0.0,0.0,0.0,0.0,0.0,0.0,0.0,0.0,0.0,0.0,0.0,0.0,0.0,0.0,0.0,0.0,0.0,0.0,0.0,0.0,0.0,0.0,0.0,0.0,0.0,0.0,0.0,0.0,0.0,0.0,0.0,0.0,0.0,0.0,0.0
oil and gas extraction 06,0.0,0.0,0.0,0.0,0.0,479232.3848456039,487894.28128284856,462275.5320629702,463784.488830808,501848.241315485,510516.49801575026,492794.9969108058,502571.05428609706,518349.8839483559,529529.0451218629,543947.6749981224,554230.062676012,562690.9540646134,566669.5923621444,568229.2099595462,572254.1233225856,571528.1677009054,572853.4022906964,575020.7738905592,575535.8113935863,585041.8779922777,587200.1743563648,592387.6443075183,593798.8859272286,596385.0803183641,600742.3146054936,605569.9923838453,607777.6525587158,605308.6449686077,608072.8457240841,613558.18986068
other mining and quarrying 07T08,0.0,0.0,0.0,0.0,0.0,0.0,0.0,0.0,0.0,0.0,0.0,0.0,0.0,0.0,0.0,0.0,0.0,0.0,0.0,0.0,0.0,0.0,0.0,0.0,0.0,0.0,0.0,0.0,0.0,0.0,0.0,0.0,0.0,0.0,0.0,0.0
food beverage and tobacco 10T12,0.0,0.0,0.0,0.0,0.0,0.0,0.0,0.0,0.0,0.0,0.0,0.0,0.0,0.0,0.0,0.0,0.0,0.0,0.0,0.0,0.0,0.0,0.0,0.0,0.0,0.0,0.0,0.0,0.0,0.0,0.0,0.0,0.0,0.0,0.0,0.0
textiles apparel and leather 13T15,0.0,0.0,0.0,0.0,0.0,0.0,0.0,0.0,0.0,0.0,0.0,0.0,0.0,0.0,0.0,0.0,0.0,0.0,0.0,0.0,0.0,0.0,0.0,0.0,0.0,0.0,0.0,0.0,0.0,0.0,0.0,0.0,0.0,0.0,0.0,0.0
wood products 16,0.0,0.0,0.0,0.0,0.0,0.0,0.0,0.0,0.0,0.0,0.0,0.0,0.0,0.0,0.0,0.0,0.0,0.0,0.0,0.0,0.0,0.0,0.0,0.0,0.0,0.0,0.0,0.0,0.0,0.0,0.0,0.0,0.0,0.0,0.0,0.0
pulp paper and printing 17T18,0.0,0.0,0.0,0.0,0.0,511280979.14457405,518634280.6645458,549476829.0155671,569388692.8645668,563679717.9747143,563198107.5813512,565348164.2919128,564933215.2816705,567285708.6980246,571155848.601373,574099063.6029162,579791020.855253,585343540.910743,588703333.3557186,592936215.4492775,597061276.1130059,598254476.0339798,600523223.541453,606290287.9461653,606626467.4995987,612161566.4097447,619917404.1371968,625825799.903026,630236163.1549116,632663263.2455505,634628014.1955082,636861610.1431988,636741277.690113,637683459.5569131,639402810.2093911,641539682.1361332
refined petroleum and coke 19,0.0,0.0,0.0,0.0,0.0,7863774.620366234,7886029.086645825,7910579.964261782,7317380.8598216325,9574218.101070467,10061921.496704161,10631208.068840358,11070344.865005773,10997496.958414504,10766428.951969527,10705422.257654494,10554296.37132055,10824221.15006947,10885437.9215904,10866548.135759486,11059130.072540458,11077224.108446773,11205560.36051666,11082671.87216387,11090824.16337484,11110674.852796651,10999062.131490383,11099268.48268655,11053609.22850257,11126535.339781899,11161395.0765926,11981697.61660542,11975788.40330324,11465003.757844722,11153292.519709816,11266811.631508574
chemicals 20,0.0,0.0,0.0,0.0,0.0,2167553712.6395392,2167368772.836081,2056569979.6226692,2235681513.9567533,2423088020.5296397,2226673624.4122467,2087447649.815799,2142502283.2600303,2206657685.449141,2273173548.75373,2336771082.4984903,2382536409.806992,2428734186.631759,2486460402.75251,2532070909.7654805,2573594262.755838,2628334687.323305,2681195504.0858417,2725261733.056264,2753941695.506481,2790864638.5552373,2831694711.8683643,2910317758.791736,2985690107.6260915,3043557984.12613,3107365762.259274,3139246469.671239,3148684241.5478544,3158952723.192208,3202308548.8802156,3257127045.928061
rubber and plastic products 22,0.0,0.0,0.0,0.0,0.0,0.0,0.0,0.0,0.0,0.0,0.0,0.0,0.0,0.0,0.0,0.0,0.0,0.0,0.0,0.0,0.0,0.0,0.0,0.0,0.0,0.0,0.0,0.0,0.0,0.0,0.0,0.0,0.0,0.0,0.0,0.0
glass and glass products 231,0.0,0.0,0.0,0.0,0.0,0.0,0.0,0.0,0.0,0.0,0.0,0.0,0.0,0.0,0.0,0.0,0.0,0.0,0.0,0.0,0.0,0.0,0.0,0.0,0.0,0.0,0.0,0.0,0.0,0.0,0.0,0.0,0.0,0.0,0.0,0.0
cement and other nonmetallic minerals 239,0.0,0.0,0.0,0.0,0.0,1060514527.8713462,1109768271.2159078,1058210138.8888888,1103096485.686081,1255029122.7729151,1142210885.1733518,1057440836.7421582,1004916275.2642963,962090362.9426689,949176747.8233503,934507738.4446082,921442384.5309252,909689117.3276186,754713862.6151006,725851231.3398681,693783067.0844842,663189945.2185829,644153030.6846623,628036362.3134924,601971057.5550836,585197217.1339971,566971777.701569,551239054.0623211,539437342.3653713,530712099.17344373,517010541.63836014,508217361.94467443,500326704.89795667,491922124.1314313,485974012.25994647,481556803.69184816
iron and steel 241,0.0,0.0,0.0,0.0,0.0,219230112.0162933,221757199.59266803,261582351.54394302,254628428.89908257,246840525.20088825,230349771.96582323,207235883.1059035,198606936.26246497,201364609.33073378,202019749.07175106,199686435.25831625,195378277.31174958,188118812.85096815,188122490.4899574,191323064.79952276,192202686.44509244,194221250.74047658,196361765.81050366,198201341.82849708,200581684.65498725,202290247.04505613,202875617.19188896,204892529.13880602,208662096.846782,210847894.9034224,211510406.33037335,210889196.3975567,208413398.7702482,205561057.65545952,205673916.9399259,207600766.81692168
other metals 242,0.0,0.0,0.0,0.0,0.0,202031795.85326952,208188682.61563,211102858.63874346,229301200.4454343,236969322.90745333,234339437.81117654,233296076.27700558,238392451.55956307,247049899.17959267,254148929.60533762,260150598.03207976,263584146.462538,264137672.9271654,263990147.43882516,264638237.30237544,266251879.46987182,268763689.0319429,271483670.7110918,273600997.49430436,275157069.0133502,277890534.9083133,279972407.06911826,281604683.07716316,284273173.79089856,287068480.53319025,288473298.8142477,288934445.0724462,289306436.31062144,289998742.00041467,290735820.38167876,290665402.9239221
metal products except machinery and vehicles 25,0.0,0.0,0.0,0.0,0.0,0.0,0.0,0.0,0.0,0.0,0.0,0.0,0.0,0.0,0.0,0.0,0.0,0.0,0.0,0.0,0.0,0.0,0.0,0.0,0.0,0.0,0.0,0.0,0.0,0.0,0.0,0.0,0.0,0.0,0.0,0.0
computers and electronics 26,0.0,0.0,0.0,0.0,0.0,0.0,0.0,0.0,0.0,0.0,0.0,0.0,0.0,0.0,0.0,0.0,0.0,0.0,0.0,0.0,0.0,0.0,0.0,0.0,0.0,0.0,0.0,0.0,0.0,0.0,0.0,0.0,0.0,0.0,0.0,0.0
appliances and electrical equipment 27,0.0,0.0,0.0,0.0,0.0,0.0,0.0,0.0,0.0,0.0,0.0,0.0,0.0,0.0,0.0,0.0,0.0,0.0,0.0,0.0,0.0,0.0,0.0,0.0,0.0,0.0,0.0,0.0,0.0,0.0,0.0,0.0,0.0,0.0,0.0,0.0
other machinery 28,0.0,0.0,0.0,0.0,0.0,0.0,0.0,0.0,0.0,0.0,0.0,0.0,0.0,0.0,0.0,0.0,0.0,0.0,0.0,0.0,0.0,0.0,0.0,0.0,0.0,0.0,0.0,0.0,0.0,0.0,0.0,0.0,0.0,0.0,0.0,0.0
road vehicles 29,0.0,0.0,0.0,0.0,0.0,0.0,0.0,0.0,0.0,0.0,0.0,0.0,0.0,0.0,0.0,0.0,0.0,0.0,0.0,0.0,0.0,0.0,0.0,0.0,0.0,0.0,0.0,0.0,0.0,0.0,0.0,0.0,0.0,0.0,0.0,0.0
nonroad vehicles 30,0.0,0.0,0.0,0.0,0.0,0.0,0.0,0.0,0.0,0.0,0.0,0.0,0.0,0.0,0.0,0.0,0.0,0.0,0.0,0.0,0.0,0.0,0.0,0.0,0.0,0.0,0.0,0.0,0.0,0.0,0.0,0.0,0.0,0.0,0.0,0.0
other manufacturing 31T33,0.0,0.0,0.0,0.0,0.0,521362041.58790165,525723137.9962192,571622162.4028574,621499443.8947288,611356303.4118414,594824486.5178186,586417942.610137,585211873.7209967,587304183.4654164,596133166.4168428,606903343.5667511,617376630.4957684,635114945.7244898,650310889.0115485,666011901.5642267,679406619.8181163,687485880.928557,697808317.2100962,712928610.7522445,722242826.0098431,736204276.6938266,749829604.5996729,761359506.2295579,770452075.4751773,779434638.4794147,789843948.0222604,807830623.7915967,819060885.5094264,828797993.7302203,839519744.8880775,850507356.5430797
energy pipelines and gas processing 352T353,0.0,0.0,0.0,0.0,0.0,3091784.5567206866,3079931.267874166,3553581.649552832,3885730.769230769,4462472.568028554,4545123.277564568,4571069.684562689,4870464.69422576,5246675.003062211,5305673.577625473,5390576.212926885,5328052.665995993,5217451.538883862,5030258.160774287,4904873.539488765,4853769.144995785,4848862.312162231,4853018.708204449,4793167.651643179,4815025.955416351,4791707.024852274,4742540.828733329,4738093.942343,4764931.621776476,4788006.22158145,4814068.159903466,4830332.293706854,4798257.19801623,4778254.166789551,4801953.743510489,4855533.929664314
water and waste 36T39,0.0,0.0,0.0,0.0,0.0,0.0,0.0,0.0,0.0,0.0,0.0,0.0,0.0,0.0,0.0,0.0,0.0,0.0,0.0,0.0,0.0,0.0,0.0,0.0,0.0,0.0,0.0,0.0,0.0,0.0,0.0,0.0,0.0,0.0,0.0,0.0
construction 41T43,0.0,0.0,0.0,0.0,0.0,0.0,0.0,0.0,0.0,0.0,0.0,0.0,0.0,0.0,0.0,0.0,0.0,0.0,0.0,0.0,0.0,0.0,0.0,0.0,0.0,0.0,0.0,0.0,0.0,0.0,0.0,0.0,0.0,0.0,0.0,0.0
