Pollutant:,VOC,Unit: grams of VOC,,,,,,,,,,,,,,,,,,,,,,,,,,,,,,,,,,
,2015.0,2016.0,2017.0,2018.0,2019.0,2020.0,2021.0,2022.0,2023.0,2024.0,2025.0,2026.0,2027.0,2028.0,2029.0,2030.0,2031.0,2032.0,2033.0,2034.0,2035.0,2036.0,2037.0,2038.0,2039.0,2040.0,2041.0,2042.0,2043.0,2044.0,2045.0,2046.0,2047.0,2048.0,2049.0,2050.0
agriculture and forestry 01T03,0.0,0.0,0.0,0.0,0.0,3040205699.2481203,3061295706.766917,3082205457.8111944,3259346475.9405074,3328008929.631845,3363183380.5907006,3390564538.9876285,3417259506.590918,3441398906.3691845,3468042240.8489337,3494035835.5980124,3487732085.208278,3490005566.957754,3475113835.7590227,3468695927.9767113,3461243458.497822,3458426007.5029287,3454390971.1538568,3454662345.738906,3454612725.8770895,3454572105.768666,3453187864.2455783,3458082064.35992,3461663546.0121975,3466774407.605366,3476074834.0748763,3505655344.410191,3535573076.7225113,3566460685.242894,3593270141.862327,3620843723.261047
coal mining 05,0.0,0.0,0.0,0.0,0.0,0.0,0.0,0.0,0.0,0.0,0.0,0.0,0.0,0.0,0.0,0.0,0.0,0.0,0.0,0.0,0.0,0.0,0.0,0.0,0.0,0.0,0.0,0.0,0.0,0.0,0.0,0.0,0.0,0.0,0.0,0.0
oil and gas extraction 06,0.0,0.0,0.0,0.0,0.0,7874899.020932474,8017234.059068623,7596258.620995648,7621054.278696251,8246529.969933541,8388969.521935236,8097764.177484769,8258407.462637681,8517690.211859258,8701389.745037632,8938321.258612877,9107284.72439274,9246316.783617575,9311695.03397093,9337323.166541241,9403461.823493958,9391532.689747598,9413309.366165267,9448924.305867761,9457387.565982452,9613594.276793677,9649060.08933451,9734302.24602352,9757492.217320925,9799989.386382768,9871588.84649176,9950918.783725383,9987195.758110657,9946624.239847586,9992046.466123,10082183.386199202
other mining and quarrying 07T08,0.0,0.0,0.0,0.0,0.0,0.0,0.0,0.0,0.0,0.0,0.0,0.0,0.0,0.0,0.0,0.0,0.0,0.0,0.0,0.0,0.0,0.0,0.0,0.0,0.0,0.0,0.0,0.0,0.0,0.0,0.0,0.0,0.0,0.0,0.0,0.0
food beverage and tobacco 10T12,0.0,0.0,0.0,0.0,0.0,0.0,0.0,0.0,0.0,0.0,0.0,0.0,0.0,0.0,0.0,0.0,0.0,0.0,0.0,0.0,0.0,0.0,0.0,0.0,0.0,0.0,0.0,0.0,0.0,0.0,0.0,0.0,0.0,0.0,0.0,0.0
textiles apparel and leather 13T15,0.0,0.0,0.0,0.0,0.0,0.0,0.0,0.0,0.0,0.0,0.0,0.0,0.0,0.0,0.0,0.0,0.0,0.0,0.0,0.0,0.0,0.0,0.0,0.0,0.0,0.0,0.0,0.0,0.0,0.0,0.0,0.0,0.0,0.0,0.0,0.0
wood products 16,0.0,0.0,0.0,0.0,0.0,0.0,0.0,0.0,0.0,0.0,0.0,0.0,0.0,0.0,0.0,0.0,0.0,0.0,0.0,0.0,0.0,0.0,0.0,0.0,0.0,0.0,0.0,0.0,0.0,0.0,0.0,0.0,0.0,0.0,0.0,0.0
pulp paper and printing 17T18,0.0,0.0,0.0,0.0,0.0,3285754291.2689996,3333010385.2951574,3531220449.294788,3659184318.0044703,3622495511.8328347,3619400435.9718857,3633217805.1903143,3630551129.630933,3645669461.141914,3670540968.813713,3689455580.770584,3726035022.8591123,3761718369.8715677,3783310122.5362587,3810512797.915687,3837022557.383503,3844690673.195753,3859270810.463832,3896332929.706976,3898493392.261596,3934064782.042297,3983907780.579029,4021878167.771155,4050221428.271836,4065819220.6080565,4078445719.790364,4092799955.0728216,4092026636.8970346,4098081581.7087393,4109131012.481673,4122863649.5043373
refined petroleum and coke 19,0.0,0.0,0.0,0.0,0.0,27716512.04778919,27794949.720857527,27881481.282108556,25790702.881317172,33745108.9530491,35464059.16378129,37470555.903196074,39018329.19136025,38761570.830628,37947152.88330989,37732129.83654057,37199474.3814288,38150846.17720935,38366609.65814538,38300031.07447046,38978801.74487503,39042575.64333999,39494907.182376064,39061776.72882217,39090510.14101597,39160475.507405214,38767087.41019809,39120272.82995826,38959343.08186938,39216377.08137352,39339243.05375202,42230465.949969575,42209638.44796327,40409336.498437464,39310684.93423546,39710792.25949832
chemicals 20,0.0,0.0,0.0,0.0,0.0,12845685740.007202,12910367082.814083,12252323991.151094,13319200687.104275,14430497350.73323,13265796602.164465,12439696953.454285,12765408270.104563,13145309646.977968,13539534606.907108,13916898978.054014,14188451486.485292,14462817073.95818,14804745999.530827,15074731437.43779,15320770916.070923,15644928577.764893,15958063943.131828,16219268805.832182,16388897522.442438,16607771903.569088,16850030737.50499,17316499042.170746,17763185304.716053,18106132564.700092,18484089750.697838,18673266430.676952,18728765423.256603,18789466200.842,19046667806.311394,19371761490.797924
rubber and plastic products 22,0.0,0.0,0.0,0.0,0.0,0.0,0.0,0.0,0.0,0.0,0.0,0.0,0.0,0.0,0.0,0.0,0.0,0.0,0.0,0.0,0.0,0.0,0.0,0.0,0.0,0.0,0.0,0.0,0.0,0.0,0.0,0.0,0.0,0.0,0.0,0.0
glass and glass products 231,0.0,0.0,0.0,0.0,0.0,0.0,0.0,0.0,0.0,0.0,0.0,0.0,0.0,0.0,0.0,0.0,0.0,0.0,0.0,0.0,0.0,0.0,0.0,0.0,0.0,0.0,0.0,0.0,0.0,0.0,0.0,0.0,0.0,0.0,0.0,0.0
cement and other nonmetallic minerals 239,0.0,0.0,0.0,0.0,0.0,208753110.94208407,218448284.2551342,208299511.90476188,217135000.98716682,247041626.32041162,224834332.17123693,208148081.4319453,197809075.8632233,189379165.48376158,186837232.0553932,183949764.45191067,181377962.55447218,179064433.57590306,148558895.28288627,142877535.98951313,136565195.25812316,130543203.86140376,126795951.91222857,123623525.15890856,118492795.39239334,115191010.00584494,111603489.91081853,108506639.35670383,106183574.49862511,104466085.85309277,101769052.77619408,100038191.4179682,98484983.83562078,96830614.81467226,95659780.4462867,94790291.15025468
iron and steel 241,0.0,0.0,0.0,0.0,0.0,112007868.78091359,113298994.7628746,133646247.03087887,130093386.3040629,126114432.46654941,117689065.58850713,105879841.90738206,101471186.83318536,102880122.31349178,103214842.78355007,102022718.64952384,99821617.7809961,96112651.27423047,96114530.23374726,97749750.43225136,98199161.98866427,99230475.99313101,100324096.43095364,101263962.70817663,102480114.65240988,103353044.15206105,103652118.3166076,104682588.11208963,106608515.3549875,107725271.53258574,108063758.30474177,107746373.06965531,106481451.8723927,105024149.10332814,105081810.56145978,106066266.32895496
other metals 242,0.0,0.0,0.0,0.0,0.0,89700893.14194576,92434513.55661882,93728390.05235602,101808343.54120266,105212943.4491522,104045290.40226232,103582044.20336658,105844803.94720395,109688658.23046872,112840584.72274058,115505289.13694862,117029763.83439636,117275526.23058297,117210025.80769435,117497773.77999334,118214221.12445523,119329449.34963961,120537104.7333822,121477184.99513198,122168071.32053263,123381713.61438875,124306052.23862784,125030772.89538102,126215566.6024909,127456665.85783465,128080396.66209134,128285142.80640382,128450304.66206309,128757684.19328699,129084942.52822264,129053677.60367505
metal products except machinery and vehicles 25,0.0,0.0,0.0,0.0,0.0,0.0,0.0,0.0,0.0,0.0,0.0,0.0,0.0,0.0,0.0,0.0,0.0,0.0,0.0,0.0,0.0,0.0,0.0,0.0,0.0,0.0,0.0,0.0,0.0,0.0,0.0,0.0,0.0,0.0,0.0,0.0
computers and electronics 26,0.0,0.0,0.0,0.0,0.0,0.0,0.0,0.0,0.0,0.0,0.0,0.0,0.0,0.0,0.0,0.0,0.0,0.0,0.0,0.0,0.0,0.0,0.0,0.0,0.0,0.0,0.0,0.0,0.0,0.0,0.0,0.0,0.0,0.0,0.0,0.0
appliances and electrical equipment 27,0.0,0.0,0.0,0.0,0.0,0.0,0.0,0.0,0.0,0.0,0.0,0.0,0.0,0.0,0.0,0.0,0.0,0.0,0.0,0.0,0.0,0.0,0.0,0.0,0.0,0.0,0.0,0.0,0.0,0.0,0.0,0.0,0.0,0.0,0.0,0.0
other machinery 28,0.0,0.0,0.0,0.0,0.0,0.0,0.0,0.0,0.0,0.0,0.0,0.0,0.0,0.0,0.0,0.0,0.0,0.0,0.0,0.0,0.0,0.0,0.0,0.0,0.0,0.0,0.0,0.0,0.0,0.0,0.0,0.0,0.0,0.0,0.0,0.0
road vehicles 29,0.0,0.0,0.0,0.0,0.0,0.0,0.0,0.0,0.0,0.0,0.0,0.0,0.0,0.0,0.0,0.0,0.0,0.0,0.0,0.0,0.0,0.0,0.0,0.0,0.0,0.0,0.0,0.0,0.0,0.0,0.0,0.0,0.0,0.0,0.0,0.0
nonroad vehicles 30,0.0,0.0,0.0,0.0,0.0,0.0,0.0,0.0,0.0,0.0,0.0,0.0,0.0,0.0,0.0,0.0,0.0,0.0,0.0,0.0,0.0,0.0,0.0,0.0,0.0,0.0,0.0,0.0,0.0,0.0,0.0,0.0,0.0,0.0,0.0,0.0
other manufacturing 31T33,0.0,0.0,0.0,0.0,0.0,899215246.3768115,906737014.4927535,985901010.4264923,1071926475.2430693,1054432170.2480701,1025919043.8299308,1011419920.6714818,1009339762.4574456,1012948457.8979397,1028176179.6088328,1046751961.3628713,1064815683.9491335,1095409709.2642941,1121618797.761,1148699000.6616971,1171801439.8767476,1185736084.5007424,1203539628.571275,1229618240.741395,1245682863.210187,1269762769.9067683,1293262951.3785613,1313149062.195606,1328831402.378055,1344324010.125926,1362277388.1982439,1393299771.48139,1412669080.6215742,1429463084.5369563,1447955343.926689,1466906144.2023542
energy pipelines and gas processing 352T353,0.0,0.0,0.0,0.0,0.0,898783195.4242136,895337438.894185,1033027823.1202384,1129583725.2747252,1297242831.9648721,1321269431.314876,1328812063.7860994,1415846331.0652049,1525210841.2127674,1542361754.02659,1567042989.2343493,1548867365.3288443,1516715566.7090867,1462298365.428404,1425848998.239771,1410992927.2102497,1409566508.644322,1410774774.8891847,1393376045.1656914,1399730264.1455033,1392951440.284475,1378658804.4154646,1377366092.49254,1385167818.2714453,1391875615.0682073,1399451832.5485268,1404179823.7401645,1394855578.6417506,1389040688.2461684,1395930166.1204088,1411505950.9266555
water and waste 36T39,0.0,0.0,0.0,0.0,0.0,0.0,0.0,0.0,0.0,0.0,0.0,0.0,0.0,0.0,0.0,0.0,0.0,0.0,0.0,0.0,0.0,0.0,0.0,0.0,0.0,0.0,0.0,0.0,0.0,0.0,0.0,0.0,0.0,0.0,0.0,0.0
construction 41T43,0.0,0.0,0.0,0.0,0.0,0.0,0.0,0.0,0.0,0.0,0.0,0.0,0.0,0.0,0.0,0.0,0.0,0.0,0.0,0.0,0.0,0.0,0.0,0.0,0.0,0.0,0.0,0.0,0.0,0.0,0.0,0.0,0.0,0.0,0.0,0.0
