Pollutant:,CO2,Unit: grams of CO2,,,,,,,,,,,,,,,,,,,,,,,,,,,,,,,,,,
,2015.0,2016.0,2017.0,2018.0,2019.0,2020.0,2021.0,2022.0,2023.0,2024.0,2025.0,2026.0,2027.0,2028.0,2029.0,2030.0,2031.0,2032.0,2033.0,2034.0,2035.0,2036.0,2037.0,2038.0,2039.0,2040.0,2041.0,2042.0,2043.0,2044.0,2045.0,2046.0,2047.0,2048.0,2049.0,2050.0
agriculture and forestry 01T03,0.0,0.0,0.0,0.0,0.0,11177332799.952478,11707941082.759731,12238549365.56714,12238549365.56714,12238549365.56714,12238549365.56714,12238549365.56714,12238549365.56714,12238549365.56714,12238549365.56714,12238549365.56714,12238549365.56714,12238549365.56714,12238549365.56714,12238549365.56714,12238549365.56714,12238549365.56714,12238549365.56714,12238549365.56714,12238549365.56714,12238549365.56714,12238549365.56714,12238549365.56714,12238549365.56714,12238549365.56714,12238549365.56714,12238549365.56714,12238549365.56714,12238549365.56714,12238549365.56714,12238549365.56714
coal mining 05,0.0,0.0,0.0,0.0,0.0,0.0,0.0,0.0,0.0,0.0,0.0,0.0,0.0,0.0,0.0,0.0,0.0,0.0,0.0,0.0,0.0,0.0,0.0,0.0,0.0,0.0,0.0,0.0,0.0,0.0,0.0,0.0,0.0,0.0,0.0,0.0
oil and gas extraction 06,0.0,0.0,0.0,0.0,0.0,0.0,0.0,0.0,0.0,0.0,0.0,0.0,0.0,0.0,0.0,0.0,0.0,0.0,0.0,0.0,0.0,0.0,0.0,0.0,0.0,0.0,0.0,0.0,0.0,0.0,0.0,0.0,0.0,0.0,0.0,0.0
other mining and quarrying 07T08,0.0,0.0,0.0,0.0,0.0,0.0,0.0,0.0,0.0,0.0,0.0,0.0,0.0,0.0,0.0,0.0,0.0,0.0,0.0,0.0,0.0,0.0,0.0,0.0,0.0,0.0,0.0,0.0,0.0,0.0,0.0,0.0,0.0,0.0,0.0,0.0
food beverage and tobacco 10T12,0.0,0.0,0.0,0.0,0.0,0.0,0.0,0.0,0.0,0.0,0.0,0.0,0.0,0.0,0.0,0.0,0.0,0.0,0.0,0.0,0.0,0.0,0.0,0.0,0.0,0.0,0.0,0.0,0.0,0.0,0.0,0.0,0.0,0.0,0.0,0.0
textiles apparel and leather 13T15,0.0,0.0,0.0,0.0,0.0,0.0,0.0,0.0,0.0,0.0,0.0,0.0,0.0,0.0,0.0,0.0,0.0,0.0,0.0,0.0,0.0,0.0,0.0,0.0,0.0,0.0,0.0,0.0,0.0,0.0,0.0,0.0,0.0,0.0,0.0,0.0
wood products 16,0.0,0.0,0.0,0.0,0.0,0.0,0.0,0.0,0.0,0.0,0.0,0.0,0.0,0.0,0.0,0.0,0.0,0.0,0.0,0.0,0.0,0.0,0.0,0.0,0.0,0.0,0.0,0.0,0.0,0.0,0.0,0.0,0.0,0.0,0.0,0.0
pulp paper and printing 17T18,0.0,0.0,0.0,0.0,0.0,0.0,0.0,0.0,0.0,0.0,0.0,0.0,0.0,0.0,0.0,0.0,0.0,0.0,0.0,0.0,0.0,0.0,0.0,0.0,0.0,0.0,0.0,0.0,0.0,0.0,0.0,0.0,0.0,0.0,0.0,0.0
refined petroleum and coke 19,0.0,0.0,0.0,0.0,0.0,0.0,0.0,0.0,0.0,0.0,0.0,0.0,0.0,0.0,0.0,0.0,0.0,0.0,0.0,0.0,0.0,0.0,0.0,0.0,0.0,0.0,0.0,0.0,0.0,0.0,0.0,0.0,0.0,0.0,0.0,0.0
chemicals 20,0.0,0.0,0.0,0.0,0.0,1168591390025.7646,1251245315913.1113,1297056155175.868,1297056155175.868,1297056155175.868,1297056155175.868,1297056155175.868,1297056155175.868,1297056155175.868,1297056155175.868,1297056155175.868,1297056155175.868,1297056155175.868,1297056155175.868,1297056155175.868,1297056155175.868,1297056155175.868,1297056155175.868,1297056155175.868,1297056155175.868,1297056155175.868,1297056155175.868,1297056155175.868,1297056155175.868,1297056155175.868,1297056155175.868,1297056155175.868,1297056155175.868,1297056155175.868,1297056155175.868,1297056155175.868
rubber and plastic products 22,0.0,0.0,0.0,0.0,0.0,0.0,0.0,0.0,0.0,0.0,0.0,0.0,0.0,0.0,0.0,0.0,0.0,0.0,0.0,0.0,0.0,0.0,0.0,0.0,0.0,0.0,0.0,0.0,0.0,0.0,0.0,0.0,0.0,0.0,0.0,0.0
glass and glass products 231,0.0,0.0,0.0,0.0,0.0,184654035156.8032,195032795712.117,194075244898.15158,194075244898.15158,194075244898.15158,194075244898.15158,194075244898.15158,194075244898.15158,194075244898.15158,194075244898.15158,194075244898.15158,194075244898.15158,194075244898.15158,194075244898.15158,194075244898.15158,194075244898.15158,194075244898.15158,194075244898.15158,194075244898.15158,194075244898.15158,194075244898.15158,194075244898.15158,194075244898.15158,194075244898.15158,194075244898.15158,194075244898.15158,194075244898.15158,194075244898.15158,194075244898.15158,194075244898.15158,194075244898.15158
cement and other nonmetallic minerals 239,0.0,0.0,0.0,0.0,0.0,69884382201.73375,68433743804.58425,78165779182.91669,78165779182.91669,78165779182.91669,78165779182.91669,78165779182.91669,78165779182.91669,78165779182.91669,78165779182.91669,78165779182.91669,78165779182.91669,78165779182.91669,78165779182.91669,78165779182.91669,78165779182.91669,78165779182.91669,78165779182.91669,78165779182.91669,78165779182.91669,78165779182.91669,78165779182.91669,78165779182.91669,78165779182.91669,78165779182.91669,78165779182.91669,78165779182.91669,78165779182.91669,78165779182.91669,78165779182.91669,78165779182.91669
iron and steel 241,0.0,0.0,0.0,0.0,0.0,133431345905.13231,118361667227.0673,99975430787.42406,99975430787.42406,99975430787.42406,99975430787.42406,99975430787.42406,99975430787.42406,99975430787.42406,99975430787.42406,99975430787.42406,99975430787.42406,99975430787.42406,99975430787.42406,99975430787.42406,99975430787.42406,99975430787.42406,99975430787.42406,99975430787.42406,99975430787.42406,99975430787.42406,99975430787.42406,99975430787.42406,99975430787.42406,99975430787.42406,99975430787.42406,99975430787.42406,99975430787.42406,99975430787.42406,99975430787.42406,99975430787.42406
other metals 242,0.0,0.0,0.0,0.0,0.0,0.0,0.0,0.0,0.0,0.0,0.0,0.0,0.0,0.0,0.0,0.0,0.0,0.0,0.0,0.0,0.0,0.0,0.0,0.0,0.0,0.0,0.0,0.0,0.0,0.0,0.0,0.0,0.0,0.0,0.0,0.0
metal products except machinery and vehicles 25,0.0,0.0,0.0,0.0,0.0,0.0,0.0,0.0,0.0,0.0,0.0,0.0,0.0,0.0,0.0,0.0,0.0,0.0,0.0,0.0,0.0,0.0,0.0,0.0,0.0,0.0,0.0,0.0,0.0,0.0,0.0,0.0,0.0,0.0,0.0,0.0
computers and electronics 26,0.0,0.0,0.0,0.0,0.0,0.0,0.0,0.0,0.0,0.0,0.0,0.0,0.0,0.0,0.0,0.0,0.0,0.0,0.0,0.0,0.0,0.0,0.0,0.0,0.0,0.0,0.0,0.0,0.0,0.0,0.0,0.0,0.0,0.0,0.0,0.0
appliances and electrical equipment 27,0.0,0.0,0.0,0.0,0.0,0.0,0.0,0.0,0.0,0.0,0.0,0.0,0.0,0.0,0.0,0.0,0.0,0.0,0.0,0.0,0.0,0.0,0.0,0.0,0.0,0.0,0.0,0.0,0.0,0.0,0.0,0.0,0.0,0.0,0.0,0.0
other machinery 28,0.0,0.0,0.0,0.0,0.0,0.0,0.0,0.0,0.0,0.0,0.0,0.0,0.0,0.0,0.0,0.0,0.0,0.0,0.0,0.0,0.0,0.0,0.0,0.0,0.0,0.0,0.0,0.0,0.0,0.0,0.0,0.0,0.0,0.0,0.0,0.0
road vehicles 29,0.0,0.0,0.0,0.0,0.0,0.0,0.0,0.0,0.0,0.0,0.0,0.0,0.0,0.0,0.0,0.0,0.0,0.0,0.0,0.0,0.0,0.0,0.0,0.0,0.0,0.0,0.0,0.0,0.0,0.0,0.0,0.0,0.0,0.0,0.0,0.0
nonroad vehicles 30,0.0,0.0,0.0,0.0,0.0,0.0,0.0,0.0,0.0,0.0,0.0,0.0,0.0,0.0,0.0,0.0,0.0,0.0,0.0,0.0,0.0,0.0,0.0,0.0,0.0,0.0,0.0,0.0,0.0,0.0,0.0,0.0,0.0,0.0,0.0,0.0
other manufacturing 31T33,0.0,0.0,0.0,0.0,0.0,0.0,0.0,0.0,0.0,0.0,0.0,0.0,0.0,0.0,0.0,0.0,0.0,0.0,0.0,0.0,0.0,0.0,0.0,0.0,0.0,0.0,0.0,0.0,0.0,0.0,0.0,0.0,0.0,0.0,0.0,0.0
energy pipelines and gas processing 352T353,0.0,0.0,0.0,0.0,0.0,28474376430.315186,12147915654.43972,15846362622.871372,15846362622.871372,15846362622.871372,15846362622.871372,15846362622.871372,15846362622.871372,15846362622.871372,15846362622.871372,15846362622.871372,15846362622.871372,15846362622.871372,15846362622.871372,15846362622.871372,15846362622.871372,15846362622.871372,15846362622.871372,15846362622.871372,15846362622.871372,15846362622.871372,15846362622.871372,15846362622.871372,15846362622.871372,15846362622.871372,15846362622.871372,15846362622.871372,15846362622.871372,15846362622.871372,15846362622.871372,15846362622.871372
water and waste 36T39,0.0,0.0,0.0,0.0,0.0,0.0,0.0,0.0,0.0,0.0,0.0,0.0,0.0,0.0,0.0,0.0,0.0,0.0,0.0,0.0,0.0,0.0,0.0,0.0,0.0,0.0,0.0,0.0,0.0,0.0,0.0,0.0,0.0,0.0,0.0,0.0
construction 41T43,0.0,0.0,0.0,0.0,0.0,0.0,0.0,0.0,0.0,0.0,0.0,0.0,0.0,0.0,0.0,0.0,0.0,0.0,0.0,0.0,0.0,0.0,0.0,0.0,0.0,0.0,0.0,0.0,0.0,0.0,0.0,0.0,0.0,0.0,0.0,0.0
