Year,2024.0,2025.0,2026.0,2027.0,2028.0,2029.0,2030.0,2031.0,2032.0,2033.0,2034.0,2035.0,2036.0,2037.0,2038.0,2039.0,2040.0,2041.0,2042.0,2043.0,2044.0,2045.0,2046.0,2047.0,2048.0,2049.0,2050.0
electricity (BTU),25176000000000.0,25349400000000.0,24011300000000.0,23951000000000.0,23899900000000.0,23769200000000.0,23538800000000.0,23386000000000.0,23232600000000.0,23089700000000.0,22936900000000.0,22787000000000.0,22645900000000.0,22491800000000.0,22345600000000.0,22191900000000.0,22035300000000.0,21866800000000.0,21717200000000.0,21573600000000.0,21418800000000.0,21276000000000.0,21117400000000.0,20938300000000.0,20760600000000.0,20590400000000.0,20415300000000.0
coal (BTU),0.0,0.0,0.0,0.0,0.0,0.0,0.0,0.0,0.0,0.0,0.0,0.0,0.0,0.0,0.0,0.0,0.0,0.0,0.0,0.0,0.0,0.0,0.0,0.0,0.0,0.0,0.0
natural gas (BTU),34153400000000.0,34388700000000.0,32197100000000.0,33368300000000.0,33047000000000.0,32536400000000.0,31942400000000.0,31487100000000.0,31064800000000.0,30646100000000.0,30254200000000.0,29873100000000.0,29517200000000.0,29153500000000.0,28808500000000.0,28469600000000.0,28143200000000.0,27817500000000.0,27532200000000.0,27266400000000.0,27019100000000.0,26786400000000.0,26542800000000.0,26284300000000.0,26028400000000.0,25776300000000.0,25533100000000.0
petroleum diesel (BTU),3695140000000.0,3720600000000.0,3566110000000.0,3515800000000.0,3448190000000.0,3377260000000.0,3312500000000.0,3264290000000.0,3218570000000.0,3173270000000.0,3131870000000.0,3091000000000.0,3051830000000.0,3013810000000.0,2977230000000.0,2942030000000.0,2907190000000.0,2872240000000.0,2838840000000.0,2805830000000.0,2773890000000.0,2742270000000.0,2711290000000.0,2680060000000.0,2648920000000.0,2617880000000.0,2587970000000.0
heat (BTU),0.0,0.0,0.0,0.0,0.0,0.0,0.0,0.0,0.0,0.0,0.0,0.0,0.0,0.0,0.0,0.0,0.0,0.0,0.0,0.0,0.0,0.0,0.0,0.0,0.0,0.0,0.0
biomass (BTU),4332530000000.0,4362370000000.0,4013440000000.0,3907000000000.0,3849320000000.0,3809860000000.0,3735220000000.0,3692570000000.0,3655860000000.0,3629350000000.0,3592740000000.0,3560480000000.0,3521920000000.0,3482090000000.0,3442300000000.0,3398210000000.0,3351920000000.0,3306830000000.0,3265990000000.0,3226690000000.0,3189530000000.0,3157540000000.0,3126690000000.0,3099370000000.0,3074580000000.0,3052260000000.0,3027580000000.0
kerosene (BTU),0.0,0.0,0.0,0.0,0.0,0.0,0.0,0.0,0.0,0.0,0.0,0.0,0.0,0.0,0.0,0.0,0.0,0.0,0.0,0.0,0.0,0.0,0.0,0.0,0.0,0.0,0.0
heavy or residual oil (BTU),0.0,0.0,0.0,0.0,0.0,0.0,0.0,0.0,0.0,0.0,0.0,0.0,0.0,0.0,0.0,0.0,0.0,0.0,0.0,0.0,0.0,0.0,0.0,0.0,0.0,0.0,0.0
LPG propane or butane (BTU),7033040000000.0,7081480000000.0,6787190000000.0,6354940000000.0,6284030000000.0,6179250000000.0,6056020000000.0,5949460000000.0,5843830000000.0,5743380000000.0,5651920000000.0,5567760000000.0,5489480000000.0,5414060000000.0,5341390000000.0,5270630000000.0,5204040000000.0,5141440000000.0,5086620000000.0,5038260000000.0,4995050000000.0,4955200000000.0,4915610000000.0,4873360000000.0,4830150000000.0,4786790000000.0,4744330000000.0
hydrogen (BTU),0.0,0.0,0.0,0.0,0.0,0.0,0.0,0.0,0.0,0.0,0.0,0.0,0.0,0.0,0.0,0.0,0.0,0.0,0.0,0.0,0.0,0.0,0.0,0.0,0.0,0.0,0.0
,,,,,,,,,,,,,,,,,,,,,,,,,,,
Cell = SUM(F12 cells for space_heating x matching fuel) x urban_share[state] x 1000 (kBtu -> BTU). Urban share held constant 2024-2050 at 2020 Census value.,,,,,,,,,,,,,,,,,,,,,,,,,,,
